start,end
1,3105
1,596351
3105,3157
3157,605200
3157,3885
3885,4038
4038,4383
4038,605207
4383,6216
4383,6144
6144,6216
6216,16571
6216,605280
16571,16591
16591,605512
16591,18150
18150,18235
18235,19505
18235,19505
19505,19853
19505,19853
19853,25054
19853,596354
25054,605521
25054,27078
27078,603669
27078,28504
28504,28513
28513,37371
28513,605575
37371,37929
37929,38394
37929,596408
38394,42405
38394,596469
42405,42673
42405,42743
42673,42743
42743,43232
42743,43283
43232,43283
43283,596974
43283,43714
43714,45012
43714,605603
45012,604021
45012,49036
49036,49430
49036,49495
49430,49495
49495,597165
49495,50853
50853,51482
51482,52470
51482,597715
52470,52484
52484,604140
52484,59890
59890,605750
59890,65764
65764,65774
65774,597971
65774,69734
69734,69990
69990,75491
69990,597981
75491,605809
75491,83787
83787,83952
83952,605819
83952,87385
87385,92268
92268,92981
92268,598056
92981,92994
92994,93390
92994,93592
93390,93592
93592,97882
93592,610653
97882,97938
97938,104065
97938,103973
103973,104065
104065,610658
104065,104700
104700,104909
104909,110141
104909,110141
110141,110607
110141,110607
110607,604211
110607,110792
110792,121480
110792,121533
121480,121533
121533,598118
121533,126894
126894,127046
127046,133034
127046,133203
133034,133203
133203,133517
133203,610659
133517,135229
133517,135151
135151,135229
135229,137254
135229,137121
137121,137254
137254,137622
137254,610733
137622,137629
137629,138425
137629,611057
138425,138432
138432,145675
138432,612546
145675,145847
145847,147084
145847,147002
147002,147084
147084,150524
147084,612557
150524,150585
150585,598270
150585,151524
151524,153264
151524,612565
153264,153325
153325,155798
153325,612572
155798,157195
155798,612748
157195,157209
157209,159328
157209,159395
159328,159395
159395,160220
159395,159677
159677,160220
160220,161493
160220,161420
161420,161493
161493,164364
161493,598320
164364,164372
164372,167373
164372,604274
167373,167460
167460,167990
167460,612847
167990,171191
167990,598377
171191,171244
171244,177772
171244,177446
177446,177772
177772,598378
177772,178208
178208,178213
178213,598458
178213,180839
180839,604277
180839,190509
190509,190575
190575,192883
190575,192965
192883,192965
192965,194076
192965,604280
194076,194231
194231,194959
194231,194888
194888,194959
194959,195877
194959,195755
195755,195877
195877,202076
195877,612937
202076,207575
202076,613121
207575,207579
207579,208813
207579,613190
208813,208907
208907,210166
208907,598570
210166,613198
210166,210387
210387,210392
210392,604286
210392,217949
217949,219648
217949,219564
219564,219648
219648,604362
219648,226131
226131,613259
226131,226224
226224,245437
226224,246631
245437,246631
246631,252396
246631,599208
252396,254265
252396,613315
254265,254301
254301,255834
254301,255916
255834,255916
255916,258605
255916,258661
258605,258661
258661,261251
258661,261336
261251,261336
261336,266760
261336,613450
266760,270547
266760,613509
270547,270637
270637,271303
270637,271425
271303,271425
271425,271501
271425,613525
271501,273908
271501,604474
273908,275324
273908,600398
275324,275404
275404,277872
275404,613576
277872,278471
277872,278574
278471,278574
278574,279746
278574,279803
279746,279803
279803,604626
279803,292529
292529,292636
292636,296442
292636,600399
296442,297921
296442,613684
297921,297922
297922,604631
297922,306622
306622,613734
306622,312805
312805,313341
312805,613828
313341,313553
313553,316284
313553,316379
316284,316379
316379,318504
316379,613831
318504,318601
318601,326600
318601,600479
326600,332923
326600,600725
332923,332929
332929,333989
332929,333898
333898,333989
333989,338852
333989,613842
338852,338905
338905,339015
338905,613846
339015,341044
339015,613914
341044,341120
341120,343345
341120,613990
343345,343407
343407,346452
343407,613992
346452,347214
347214,348840
347214,614815
348840,348845
348845,600785
348845,358321
358321,360982
358321,614878
360982,365493
360982,365698
365493,365583
365493,365676
365583,365676
365676,365698
365698,600923
365698,366933
366933,368010
366933,604830
368010,369467
368010,614937
369467,369567
369567,370935
369567,604891
370935,371205
371205,601002
371205,371286
371286,373026
371286,614958
373026,373273
373273,376713
373273,614959
376713,376719
376719,378050
376719,615041
378050,378064
378064,383715
378064,383612
383612,383715
383715,384300
383715,384382
384300,384382
384382,400484
384382,615187
400484,400574
400484,615240
400574,400658
400658,615241
400658,404670
404670,404733
404733,405984
404733,615250
405984,405988
405988,410049
405988,410124
410049,410124
410124,417971
410124,601321
417971,417976
417976,419513
417976,615436
419513,425835
419513,601388
425835,425839
425839,439445
425839,601450
439445,439447
439445,616687
439447,439577
439577,601546
439577,439699
439699,441698
439699,601598
441698,616800
441698,443426
443426,443434
443434,448117
443434,617067
448117,458351
448117,458434
458351,458434
458434,459015
458434,458940
458940,459015
459015,617122
459015,460060
460060,460254
460254,468083
460254,468145
468083,468145
468145,617129
468145,470149
470149,480400
470149,480400
480400,480559
480400,480559
480559,601654
480559,482388
482388,617205
482388,484695
484695,484717
484717,485888
484717,604896
485888,605045
485888,497075
497075,503196
497075,503145
503145,503196
503196,605109
503196,503549
503549,510178
503549,510122
510122,510178
510178,510862
510178,601713
510862,617442
510862,510929
510929,517073
510929,617497
517073,517413
517413,518174
517413,518112
518112,518174
518174,523166
518174,601764
523166,523169
523169,601895
523169,525200
525200,601949
525200,525913
525913,525918
525918,526758
525918,526707
526707,526758
526758,617504
526758,529743
529743,530112
530112,530478
530112,530425
530425,530478
530478,602014
530478,535285
535285,535592
535285,602104
535592,535699
535699,542821
535699,617517
542821,542961
542961,545927
542961,545788
545788,545927
545927,548071
545927,547901
547901,548071
548071,554443
548071,554541
554443,554541
554541,602112
554541,562297
562297,562313
562313,617525
562313,564384
564384,617612
564384,571213
571213,571338
571338,573271
571338,617615
573271,617688
573271,574586
574586,577208
574586,617849
577208,577270
577270,580870
577270,617858
580870,580943
580943,582584
580943,617868
582584,582693
582584,602183
582693,582707
582707,602233
582707,587370
587370,587376
587376,590628
587376,590699
590628,590699
590699,602348
590699,592611
592611,592612
596351,3157
596354,25054
596408,38394
596469,42405
596974,43714
597165,597407
597165,605665
597407,51482
597715,52484
597971,69990
597981,75491
598056,92994
598118,127046
598270,151524
598320,164372
598377,171244
598378,178213
598458,180839
598570,210166
599208,252396
600398,275404
600399,296442
600479,326600
600725,332929
600785,358321
600923,366933
601002,601131
601002,614952
601131,601239
601239,371286
601321,417976
601388,425839
601450,439447
601546,439699
601598,441698
601654,482388
601713,510862
601764,523169
601895,525200
601949,525918
602014,535285
602104,535699
602112,562313
602183,617974
602183,602187
602187,582693
602233,587376
602348,592612
603669,28513
604021,49036
604140,59890
604211,110792
604274,167460
604277,190575
604280,194231
604286,217949
604362,226131
604474,273908
604626,292636
604631,306622
604830,368010
604891,371205
604896,485888
605045,497075
605109,503549
605200,4038
605207,4383
605280,16591
605512,18235
605521,27078
605575,37929
605603,45012
605665,597407
605750,65774
605809,83952
605819,92268
610653,97938
610658,104909
610659,135229
610733,137629
611057,138432
612546,145847
612557,150585
612565,153325
612572,155798
612748,157209
612847,167990
612937,202076
613121,207579
613190,208907
613198,210392
613259,226224
613315,254301
613450,266760
613509,270637
613525,271501
613576,277872
613684,297922
613734,312805
613828,313553
613831,318601
613842,338905
613846,339015
613914,341120
613990,343407
613992,347214
614815,348845
614878,360982
614937,369567
614952,601239
614958,373273
614959,376719
615041,378064
615187,400484
615240,400658
615241,404733
615250,405988
615436,419513
616687,439577
616800,443434
617067,448117
617122,460254
617129,470149
617205,484717
617442,510929
617497,517413
617504,530112
617517,542961
617525,564384
617612,571338
617615,573271
617688,574586
617849,577270
617858,580943
617868,582584
617974,582707
